return_id,line_id,return_date,units
R0001,S0001,2026-02-15,24
R0002,S0001,2026-02-28,10
R0003,S0002,2026-02-15,2
R0004,S0002,2026-02-28,4
R0005,S0003,2026-02-15,2
R0006,S0003,2026-02-28,7
R0007,S0004,2026-02-15,2
R0008,S0004,2026-02-28,10
R0009,S0005,2026-02-15,2
R0010,S0005,2026-02-28,4
R0011,S0006,2026-02-15,1
R0012,S0007,2026-02-15,2
R0013,S0007,2026-02-28,2
R0014,S0011,2026-02-15,2
R0015,S0011,2026-02-28,2
R0016,S0014,2026-02-15,2
R0017,S0015,2026-02-15,2
R0018,S0015,2026-02-28,2
R0019,S0018,2026-02-15,2
R0020,S0020,2026-02-15,1
R0021,S0022,2026-02-15,2
R0022,S0024,2026-02-15,1
R0023,S0025,2026-02-15,2
R0024,S0026,2026-02-15,3
R0025,S0027,2026-02-15,1
R0026,S0028,2026-02-15,2
R0027,S0029,2026-02-15,3
R0028,S0031,2026-02-15,2
R0029,S0032,2026-02-15,2
R0030,S0032,2026-02-28,2
R0031,S0033,2026-02-15,3
R0032,S0035,2026-02-15,2
R0033,S0037,2026-02-15,2
R0034,S0037,2026-02-28,2
R0035,S0039,2026-02-15,2
R0036,S0042,2026-02-15,1
R0037,S0043,2026-02-15,2
R0038,S0043,2026-02-28,4
R0039,S0046,2026-02-15,1
R0040,S0049,2026-03-15,2
R0041,S0049,2026-03-28,5
R0042,S0050,2026-03-15,2
R0043,S0050,2026-03-28,8
R0044,S0051,2026-03-15,2
R0045,S0051,2026-03-28,3
R0046,S0052,2026-03-15,2
R0047,S0052,2026-03-28,12
R0048,S0053,2026-03-15,3
R0049,S0055,2026-03-15,1
R0050,S0056,2026-03-15,3
R0051,S0057,2026-03-15,3
R0052,S0059,2026-03-15,1
R0053,S0061,2026-03-15,3
R0054,S0063,2026-03-15,2
R0055,S0066,2026-03-15,2
R0056,S0067,2026-03-15,2
R0057,S0067,2026-03-28,3
R0058,S0074,2026-03-15,2
R0059,S0074,2026-03-28,2
R0060,S0075,2026-03-15,2
R0061,S0075,2026-03-28,5
R0062,S0076,2026-03-15,2
R0063,S0077,2026-03-15,1
R0064,S0078,2026-03-15,3
R0065,S0080,2026-03-15,1
R0066,S0081,2026-03-15,1
R0067,S0082,2026-03-15,3
R0068,S0084,2026-03-15,1
R0069,S0085,2026-03-15,1
R0070,S0086,2026-03-15,3
R0071,S0088,2026-03-15,2
R0072,S0089,2026-03-15,2
R0073,S0089,2026-03-28,2
R0074,S0091,2026-03-15,2
R0075,S0092,2026-03-15,2
R0076,S0092,2026-03-28,3
R0077,S0093,2026-03-15,2
R0078,S0093,2026-03-28,2
R0079,S0095,2026-03-15,2
R0080,S0097,2026-04-15,2
R0081,S0097,2026-04-28,5
R0082,S0098,2026-04-15,2
R0083,S0098,2026-04-28,9
R0084,S0099,2026-04-15,2
R0085,S0099,2026-04-28,13
R0086,S0100,2026-04-15,2
R0087,S0100,2026-04-28,6
R0088,S0102,2026-04-15,2
R0089,S0102,2026-04-28,3
R0090,S0104,2026-04-15,3
R0091,S0106,2026-04-15,2
R0092,S0108,2026-04-15,1
R0093,S0109,2026-04-15,1
R0094,S0110,2026-04-15,2
R0095,S0112,2026-04-15,2
R0096,S0112,2026-04-28,2
R0097,S0113,2026-04-15,3
R0098,S0115,2026-04-15,2
R0099,S0116,2026-04-15,2
R0100,S0116,2026-04-28,2
R0101,S0117,2026-04-15,3
R0102,S0119,2026-04-15,2
R0103,S0121,2026-04-15,2
R0104,S0121,2026-04-28,3
R0105,S0122,2026-04-15,1
R0106,S0123,2026-04-15,3
R0107,S0126,2026-04-15,2
R0108,S0127,2026-04-15,2
R0109,S0127,2026-04-28,3
R0110,S0128,2026-04-15,1
R0111,S0132,2026-04-15,1
R0112,S0134,2026-04-15,3
R0113,S0136,2026-04-15,2
R0114,S0137,2026-04-15,1
R0115,S0138,2026-04-15,3
R0116,S0140,2026-04-15,2
R0117,S0141,2026-04-15,1
R0118,S0144,2026-04-15,2
R0119,S0145,2026-05-15,2
R0120,S0145,2026-05-28,11
R0121,S0146,2026-05-15,2
R0122,S0146,2026-05-28,5
R0123,S0147,2026-05-15,2
R0124,S0147,2026-05-28,8
R0125,S0148,2026-05-15,2
R0126,S0148,2026-05-28,3
R0127,S0150,2026-05-15,2
R0128,S0151,2026-05-15,2
R0129,S0151,2026-05-28,2
R0130,S0154,2026-05-15,2
R0131,S0158,2026-05-15,2
R0132,S0160,2026-05-15,1
R0133,S0161,2026-05-15,1
R0134,S0162,2026-05-15,2
R0135,S0162,2026-05-28,4
R0136,S0164,2026-05-15,2
R0137,S0164,2026-05-28,2
R0138,S0165,2026-05-15,1
R0139,S0168,2026-05-15,1
R0140,S0169,2026-05-15,2
R0141,S0171,2026-05-15,1
R0142,S0172,2026-05-15,2
R0143,S0172,2026-05-28,4
R0144,S0173,2026-05-15,2
R0145,S0173,2026-05-28,2
R0146,S0175,2026-05-15,2
R0147,S0179,2026-05-15,2
R0148,S0181,2026-05-15,2
R0149,S0181,2026-05-28,2
R0150,S0182,2026-05-15,1
R0151,S0183,2026-05-15,2
R0152,S0186,2026-05-15,3
R0153,S0187,2026-05-15,2
R0154,S0187,2026-05-28,4
R0155,S0188,2026-05-15,1
R0156,S0190,2026-05-15,1
R0157,S0192,2026-05-15,1
R0158,S0193,2026-06-15,2
R0159,S0193,2026-06-28,11
R0160,S0194,2026-06-15,2
R0161,S0194,2026-06-28,4
R0162,S0195,2026-06-15,2
R0163,S0195,2026-06-28,8
R0164,S0196,2026-06-15,2
R0165,S0196,2026-06-28,12
R0166,S0197,2026-06-15,3
R0167,S0199,2026-06-15,2
R0168,S0201,2026-06-15,3
R0169,S0203,2026-06-15,1
R0170,S0205,2026-06-15,3
R0171,S0207,2026-06-15,2
R0172,S0210,2026-06-15,2
R0173,S0211,2026-06-15,2
R0174,S0211,2026-06-28,3
R0175,S0212,2026-06-15,1
R0176,S0214,2026-06-15,2
R0177,S0216,2026-06-15,1
R0178,S0217,2026-06-15,2
R0179,S0218,2026-06-15,2
R0180,S0218,2026-06-28,2
R0181,S0219,2026-06-15,1
R0182,S0220,2026-06-15,3
R0183,S0221,2026-06-15,1
R0184,S0222,2026-06-15,2
R0185,S0222,2026-06-28,5
R0186,S0223,2026-06-15,1
R0187,S0224,2026-06-15,2
R0188,S0224,2026-06-28,2
R0189,S0225,2026-06-15,2
R0190,S0225,2026-06-28,2
R0191,S0226,2026-06-15,1
R0192,S0227,2026-06-15,2
R0193,S0228,2026-06-15,3
R0194,S0229,2026-06-15,1
R0195,S0232,2026-06-15,2
R0196,S0232,2026-06-28,3
R0197,S0233,2026-06-15,2
R0198,S0233,2026-06-28,2
R0199,S0235,2026-06-15,3
R0200,S0238,2026-06-15,1
R0201,S0239,2026-06-15,3
R0202,S0241,2026-07-15,2
R0203,S0241,2026-07-28,7
R0204,S0242,2026-07-15,2
R0205,S0242,2026-07-28,10
R0206,S0243,2026-07-15,2
R0207,S0243,2026-07-28,4
R0208,S0244,2026-07-15,2
R0209,S0244,2026-07-28,8
R0210,S0245,2026-07-15,3
R0211,S0246,2026-07-15,2
R0212,S0246,2026-07-28,4
R0213,S0247,2026-07-15,1
R0214,S0248,2026-07-15,2
R0215,S0248,2026-07-28,2
R0216,S0249,2026-07-15,1
R0217,S0251,2026-07-15,1
R0218,S0252,2026-07-15,3
R0219,S0253,2026-07-15,3
R0220,S0255,2026-07-15,2
R0221,S0256,2026-07-15,2
R0222,S0256,2026-07-28,2
R0223,S0257,2026-07-15,2
R0224,S0257,2026-07-28,2
R0225,S0259,2026-07-15,2
R0226,S0263,2026-07-15,2
R0227,S0266,2026-07-15,2
R0228,S0267,2026-07-15,3
R0229,S0268,2026-07-15,1
R0230,S0270,2026-07-15,3
R0231,S0272,2026-07-15,1
R0232,S0274,2026-07-15,3
R0233,S0276,2026-07-15,1
R0234,S0277,2026-07-15,1
R0235,S0278,2026-07-15,2
R0236,S0278,2026-07-28,2
R0237,S0280,2026-07-15,2
R0238,S0281,2026-07-15,2
R0239,S0283,2026-07-15,2
R0240,S0284,2026-07-15,2
R0241,S0284,2026-07-28,3
R0242,S0285,2026-07-15,1
R0243,S0289,2026-08-15,2
R0244,S0289,2026-08-28,2
R0245,S0290,2026-08-15,2
R0246,S0290,2026-08-28,5
R0247,S0291,2026-08-15,2
R0248,S0291,2026-08-28,15
R0249,S0292,2026-08-15,2
R0250,S0292,2026-08-28,7
R0251,S0294,2026-08-15,2
R0252,S0296,2026-08-15,1
R0253,S0298,2026-08-15,2
R0254,S0300,2026-08-15,1
R0255,S0301,2026-08-15,1
R0256,S0302,2026-08-15,3
R0257,S0304,2026-08-15,1
R0258,S0305,2026-08-15,3
R0259,S0307,2026-08-15,1
R0260,S0308,2026-08-15,2
R0261,S0308,2026-08-28,2
R0262,S0309,2026-08-15,1
R0263,S0311,2026-08-15,2
R0264,S0313,2026-08-15,2
R0265,S0313,2026-08-28,4
R0266,S0314,2026-08-15,1
R0267,S0315,2026-08-15,2
R0268,S0315,2026-08-28,2
R0269,S0317,2026-08-15,2
R0270,S0317,2026-08-28,2
R0271,S0318,2026-08-15,1
R0272,S0319,2026-08-15,2
R0273,S0322,2026-08-15,1
R0274,S0323,2026-08-15,2
R0275,S0326,2026-08-15,1
R0276,S0327,2026-08-15,2
R0277,S0329,2026-08-15,1
R0278,S0330,2026-08-15,2
R0279,S0330,2026-08-28,2
R0280,S0332,2026-08-15,2
R0281,S0333,2026-08-15,1
R0282,S0334,2026-08-15,2
R0283,S0334,2026-08-28,2
R0284,S0336,2026-08-15,2
R0285,S0337,2026-09-15,2
R0286,S0337,2026-09-28,13
R0287,S0338,2026-09-15,2
R0288,S0338,2026-09-28,6
R0289,S0339,2026-09-15,2
R0290,S0339,2026-09-28,10
R0291,S0340,2026-09-15,2
R0292,S0340,2026-09-28,3
R0293,S0341,2026-09-15,2
R0294,S0341,2026-09-28,5
R0295,S0342,2026-09-15,1
R0296,S0343,2026-09-15,2
R0297,S0343,2026-09-28,3
R0298,S0347,2026-09-15,1
R0299,S0351,2026-09-15,2
R0300,S0351,2026-09-28,3
R0301,S0352,2026-09-15,1
R0302,S0353,2026-09-15,1
R0303,S0354,2026-09-15,3
R0304,S0356,2026-09-15,1
R0305,S0357,2026-09-15,1
R0306,S0358,2026-09-15,3
R0307,S0360,2026-09-15,1
R0308,S0361,2026-09-15,2
R0309,S0362,2026-09-15,2
R0310,S0362,2026-09-28,2
R0311,S0363,2026-09-15,1
R0312,S0364,2026-09-15,3
R0313,S0365,2026-09-15,2
R0314,S0365,2026-09-28,2
R0315,S0367,2026-09-15,2
R0316,S0368,2026-09-15,2
R0317,S0368,2026-09-28,3
R0318,S0369,2026-09-15,1
R0319,S0371,2026-09-15,2
R0320,S0373,2026-09-15,2
R0321,S0373,2026-09-28,3
R0322,S0375,2026-09-15,3
R0323,S0378,2026-09-15,1
R0324,S0379,2026-09-15,3
R0325,S0380,2026-09-15,1
R0326,S0382,2026-09-15,1
